"Country"	"Year"	"Locality"	"Diagnosis"	"Reference"	"Full_Reference"	"DOI"	"bibtex"	"Latitude"	"Longitude"	"Genus"	"Species"
"Senegal"	2001	"Bandafassi"	"morpho + PCR cytb"	"Brouat et al. 2007"	"Brouat C, Loiseau A, Kane M, Bâ K, Duplantier JM. Population genetic structure of two ecologically distinct multimammate rats: the commensal Mastomys natalensis and the wild Mastomys erythroleucus in southeastern Senegal. Molecular ecology. 2007 Jul;16(14):2985-97."	"10.1111/j.1365-294X.2007.03353.x"	"brouat2007population"	"12.53"	"-12.32"	"Mastomys"	"Mastomys natalensis"
"Senegal"	2001	"Bembou"	"morpho + PCR cytb"	"Brouat et al. 2007"	"Brouat C, Loiseau A, Kane M, Bâ K, Duplantier JM. Population genetic structure of two ecologically distinct multimammate rats: the commensal Mastomys natalensis and the wild Mastomys erythroleucus in southeastern Senegal. Molecular ecology. 2007 Jul;16(14):2985-97."	"10.1111/j.1365-294X.2007.03353.x"	"brouat2007population"	"12.83"	"-11.88"	"Mastomys"	"Mastomys natalensis"
"Senegal"	2001	"Diakhaba"	"morpho + PCR cytb"	"Brouat et al. 2007"	"Brouat C, Loiseau A, Kane M, Bâ K, Duplantier JM. Population genetic structure of two ecologically distinct multimammate rats: the commensal Mastomys natalensis and the wild Mastomys erythroleucus in southeastern Senegal. Molecular ecology. 2007 Jul;16(14):2985-97."	"10.1111/j.1365-294X.2007.03353.x"	"brouat2007population"	"12.81"	"-12.07"	"Mastomys"	"Mastomys natalensis"
"Senegal"	2001	"Fadiga"	"morpho + PCR cytb"	"Brouat et al. 2007"	"Brouat C, Loiseau A, Kane M, Bâ K, Duplantier JM. Population genetic structure of two ecologically distinct multimammate rats: the commensal Mastomys natalensis and the wild Mastomys erythroleucus in southeastern Senegal. Molecular ecology. 2007 Jul;16(14):2985-97."	"10.1111/j.1365-294X.2007.03353.x"	"brouat2007population"	"12.55"	"-12.20"	"Mastomys"	"Mastomys natalensis"
"Senegal"	2001	"Kedougou"	"morpho + PCR cytb"	"Brouat et al. 2007"	"Brouat C, Loiseau A, Kane M, Bâ K, Duplantier JM. Population genetic structure of two ecologically distinct multimammate rats: the commensal Mastomys natalensis and the wild Mastomys erythroleucus in southeastern Senegal. Molecular ecology. 2007 Jul;16(14):2985-97."	"10.1111/j.1365-294X.2007.03353.x"	"brouat2007population"	"12.48"	"-11.95"	"Mastomys"	"Mastomys natalensis"
"Senegal"	2001	"Ndebou"	"morpho + PCR cytb"	"Brouat et al. 2007"	"Brouat C, Loiseau A, Kane M, Bâ K, Duplantier JM. Population genetic structure of two ecologically distinct multimammate rats: the commensal Mastomys natalensis and the wild Mastomys erythroleucus in southeastern Senegal. Molecular ecology. 2007 Jul;16(14):2985-97."	"10.1111/j.1365-294X.2007.03353.x"	"brouat2007population"	"12.52"	"-12.43"	"Mastomys"	"Mastomys natalensis"
"Senegal"	2001	"Ngari"	"morpho + PCR cytb"	"Brouat et al. 2007"	"Brouat C, Loiseau A, Kane M, Bâ K, Duplantier JM. Population genetic structure of two ecologically distinct multimammate rats: the commensal Mastomys natalensis and the wild Mastomys erythroleucus in southeastern Senegal. Molecular ecology. 2007 Jul;16(14):2985-97."	"10.1111/j.1365-294X.2007.03353.x"	"brouat2007population"	"12.63"	"-12.25"	"Mastomys"	"Mastomys natalensis"
"Senegal"	2001	"Niemenike"	"morpho + PCR cytb"	"Brouat et al. 2007"	"Brouat C, Loiseau A, Kane M, Bâ K, Duplantier JM. Population genetic structure of two ecologically distinct multimammate rats: the commensal Mastomys natalensis and the wild Mastomys erythroleucus in southeastern Senegal. Molecular ecology. 2007 Jul;16(14):2985-97."	"10.1111/j.1365-294X.2007.03353.x"	"brouat2007population"	"13.02"	"-12.55"	"Mastomys"	"Mastomys natalensis"
"Senegal"	2001	"Samekouta"	"morpho + PCR cytb"	"Brouat et al. 2007"	"Brouat C, Loiseau A, Kane M, Bâ K, Duplantier JM. Population genetic structure of two ecologically distinct multimammate rats: the commensal Mastomys natalensis and the wild Mastomys erythroleucus in southeastern Senegal. Molecular ecology. 2007 Jul;16(14):2985-97."	"10.1111/j.1365-294X.2007.03353.x"	"brouat2007population"	"12.60"	"-11.67"	"Mastomys"	"Mastomys natalensis"
"Senegal"	2001	"Tomboronkoto"	"morpho + PCR cytb"	"Brouat et al. 2007"	"Brouat C, Loiseau A, Kane M, Bâ K, Duplantier JM. Population genetic structure of two ecologically distinct multimammate rats: the commensal Mastomys natalensis and the wild Mastomys erythroleucus in southeastern Senegal. Molecular ecology. 2007 Jul;16(14):2985-97."	"10.1111/j.1365-294X.2007.03353.x"	"brouat2007population"	"12.80"	"-12.29"	"Mastomys"	"Mastomys natalensis"
"Guinea"	"2002-2004"	"Gania"	"morpho + PCR cytb"	"Colangelo, 2013"	"Colangelo, Paolo, et al. \""A mitochondrial phylogeographic scenario for the most widespread African rodent, Mastomys natalensis.\"" Biological Journal of the Linnean Society 108.4 (2013): 901-916."	"10.1111/bij.12013"	"colangelo2013mitochondrial"	10.06611111	-12.54083333	"Mastomys"	"Mastomys natalensis"
"Niger"	2004	"Tiloa"	"morpho + PCR cytb"	"Colangelo, 2013"	"Colangelo, Paolo, et al. \""A mitochondrial phylogeographic scenario for the most widespread African rodent, Mastomys natalensis.\"" Biological Journal of the Linnean Society 108.4 (2013): 901-916."	"10.1111/bij.12013"	"colangelo2013mitochondrial"	14.0901	2.1985	"Mastomys"	"Mastomys natalensis"
"Ivory Coast"	"2003-2005"	"Ahouakro"	"morpho + PCR cytb"	"Coulibaly-NGolo_Allali_2011"	"Coulibaly-N'Golo D, Allali B, Kouassi SK, Fichet-Calvet E, Becker-Ziaja B, Rieger T, Ölschläger S, Dosso H, Denys C, Ter Meulen J, Akoua-Koffi C. Novel arenavirus sequences in Hylomyscus sp. and Mus (Nannomys) setulosus from Côte d'Ivoire: implications for evolution of arenaviruses in Africa. PloS one. 2011 Jun 9;6(6):e20893."	"10.1371/journal.pone.0020893"	"coulibaly2011novel"	6.128333333	-4.8925	"Mastomys"	"Mastomys natalensis"
"Ivory Coast"	"2003-2005"	"Blodi"	"morpho + PCR cytb"	"Coulibaly-NGolo_Allali_2011"	"Coulibaly-N'Golo D, Allali B, Kouassi SK, Fichet-Calvet E, Becker-Ziaja B, Rieger T, Ölschläger S, Dosso H, Denys C, Ter Meulen J, Akoua-Koffi C. Novel arenavirus sequences in Hylomyscus sp. and Mus (Nannomys) setulosus from Côte d'Ivoire: implications for evolution of arenaviruses in Africa. PloS one. 2011 Jun 9;6(6):e20893."	"10.1371/journal.pone.0020893"	"coulibaly2011novel"	6.794166667	-7.295833333	"Mastomys"	"Mastomys natalensis"
"Ivory Coast"	"2003-2005"	"Gbagroube"	"morpho + PCR cytb"	"Coulibaly-NGolo_Allali_2011"	"Coulibaly-N'Golo D, Allali B, Kouassi SK, Fichet-Calvet E, Becker-Ziaja B, Rieger T, Ölschläger S, Dosso H, Denys C, Ter Meulen J, Akoua-Koffi C. Novel arenavirus sequences in Hylomyscus sp. and Mus (Nannomys) setulosus from Côte d'Ivoire: implications for evolution of arenaviruses in Africa. PloS one. 2011 Jun 9;6(6):e20893."	"10.1371/journal.pone.0020893"	"coulibaly2011novel"	5.809166667	-5.498055556	"Mastomys"	"Mastomys natalensis"
"Ivory Coast"	"2003-2005"	"Kotokossou"	"morpho + PCR cytb"	"Coulibaly-NGolo_Allali_2011"	"Coulibaly-N'Golo D, Allali B, Kouassi SK, Fichet-Calvet E, Becker-Ziaja B, Rieger T, Ölschläger S, Dosso H, Denys C, Ter Meulen J, Akoua-Koffi C. Novel arenavirus sequences in Hylomyscus sp. and Mus (Nannomys) setulosus from Côte d'Ivoire: implications for evolution of arenaviruses in Africa. PloS one. 2011 Jun 9;6(6):e20893."	"10.1371/journal.pone.0020893"	"coulibaly2011novel"	7.071111111	-3.128333333	"Mastomys"	"Mastomys natalensis"
"Ivory Coast"	"2003-2005"	"Menekre"	"morpho + PCR cytb"	"Coulibaly-NGolo_Allali_2011"	"Coulibaly-N'Golo D, Allali B, Kouassi SK, Fichet-Calvet E, Becker-Ziaja B, Rieger T, Ölschläger S, Dosso H, Denys C, Ter Meulen J, Akoua-Koffi C. Novel arenavirus sequences in Hylomyscus sp. and Mus (Nannomys) setulosus from Côte d'Ivoire: implications for evolution of arenaviruses in Africa. PloS one. 2011 Jun 9;6(6):e20893."	"10.1371/journal.pone.0020893"	"coulibaly2011novel"	6.184166667	-6.07	"Mastomys"	"Mastomys natalensis"
"Ivory Coast"	"2003-2005"	"Sanguiebo"	"morpho + PCR cytb"	"Coulibaly-NGolo_Allali_2011"	"Coulibaly-N'Golo D, Allali B, Kouassi SK, Fichet-Calvet E, Becker-Ziaja B, Rieger T, Ölschläger S, Dosso H, Denys C, Ter Meulen J, Akoua-Koffi C. Novel arenavirus sequences in Hylomyscus sp. and Mus (Nannomys) setulosus from Côte d'Ivoire: implications for evolution of arenaviruses in Africa. PloS one. 2011 Jun 9;6(6):e20893."	"10.1371/journal.pone.0020893"	"coulibaly2011novel"	8.171388889	-2.610277778	"Mastomys"	"Mastomys natalensis"
"Ivory Coast"	"2003-2005"	"Touzoukro"	"morpho + PCR cytb"	"Coulibaly-NGolo_Allali_2011"	"Coulibaly-N'Golo D, Allali B, Kouassi SK, Fichet-Calvet E, Becker-Ziaja B, Rieger T, Ölschläger S, Dosso H, Denys C, Ter Meulen J, Akoua-Koffi C. Novel arenavirus sequences in Hylomyscus sp. and Mus (Nannomys) setulosus from Côte d'Ivoire: implications for evolution of arenaviruses in Africa. PloS one. 2011 Jun 9;6(6):e20893."	"10.1371/journal.pone.0020893"	"coulibaly2011novel"	6.745833333	-3.368333333	"Mastomys"	"Mastomys natalensis"
"Niger"	1998	"Babangata"	"morpho + chrom"	"Dobigny et al. 2002"	"Dobigny G, Nomao A, Gautun JC. A cytotaxonomic survey of rodents from Niger: implications for systematics, biodiversity and biogeography. Mammalia. 2002 Jan 1;66(4):495-524."	"10.1515/mamm.2002.66.4.495"	"dobigny2002cytotaxonomic"	"12.91"	"2.40"	"Mastomys"	"Mastomys natalensis"
"Niger"	1998	"Batchintoulou"	"morpho + chrom"	"Dobigny et al. 2002"	"Dobigny G, Nomao A, Gautun JC. A cytotaxonomic survey of rodents from Niger: implications for systematics, biodiversity and biogeography. Mammalia. 2002 Jan 1;66(4):495-524."	"10.1515/mamm.2002.66.4.495"	"dobigny2002cytotaxonomic"	"14.37"	"3.38"	"Mastomys"	"Mastomys natalensis"
"Niger"	1998	"Niamey"	"morpho + chrom"	"Dobigny et al. 2002"	"Dobigny G, Nomao A, Gautun JC. A cytotaxonomic survey of rodents from Niger: implications for systematics, biodiversity and biogeography. Mammalia. 2002 Jan 1;66(4):495-524."	"10.1515/mamm.2002.66.4.495"	"dobigny2002cytotaxonomic"	"13.53"	"2.10"	"Mastomys"	"Mastomys natalensis"
"Niger"	1998	"Tara"	"morpho + chrom"	"Dobigny et al. 2002"	"Dobigny G, Nomao A, Gautun JC. A cytotaxonomic survey of rodents from Niger: implications for systematics, biodiversity and biogeography. Mammalia. 2002 Jan 1;66(4):495-524."	"10.1515/mamm.2002.66.4.495"	"dobigny2002cytotaxonomic"	"11.83"	"3.33"	"Mastomys"	"Mastomys natalensis"
"Niger"	1998	"Tokaye"	"morpho + chrom"	"Dobigny et al. 2002"	"Dobigny G, Nomao A, Gautun JC. A cytotaxonomic survey of rodents from Niger: implications for systematics, biodiversity and biogeography. Mammalia. 2002 Jan 1;66(4):495-524."	"10.1515/mamm.2002.66.4.495"	"dobigny2002cytotaxonomic"	"13.20"	"2.35"	"Mastomys"	"Mastomys natalensis"
"Niger"	1998	"Tondibia"	"morpho + chrom"	"Dobigny et al. 2002"	"Dobigny G, Nomao A, Gautun JC. A cytotaxonomic survey of rodents from Niger: implications for systematics, biodiversity and biogeography. Mammalia. 2002 Jan 1;66(4):495-524."	"10.1515/mamm.2002.66.4.495"	"dobigny2002cytotaxonomic"	"13.56"	"2.02"	"Mastomys"	"Mastomys natalensis"
"Senegal"	1990	"Bransan"	"morpho + électrophorèse"	"Duplantier et al. 1990"	"Duplantier JM, Britton‐Davidian J, Granjon L. Chromosomal characterization of three species of the genus Mastomys in Senegal. Journal of Zoological Systematics and Evolutionary Research. 1990 Dec;28(4):289-98."	"10.1111/j.1439-0469.1990.tb00383.x"	"duplantier1990chromosomal"	"13.27"	"-12.10"	"Mastomys"	"Mastomys natalensis"
"Benin"	2001	"Koto"	"morpho + PCR cytb"	"Duplantier et al. 2009"	"Granjon, Laurent, and Jean-Marc Duplantier. Rodents of Sahelo-Sudanese Africa . 2009."	"NA"	"granjon2009rongeurs"	"6.98"	"2.15"	"Mastomys"	"Mastomys natalensis"
"Benin"	2004	"Lanta"	"morpho + PCR cytb"	"Duplantier et al. 2009"	"Granjon, Laurent, and Jean-Marc Duplantier. Rodents of Sahelo-Sudanese Africa . 2009."	"NA"	"granjon2009rongeurs"	"7.10"	"1.86"	"Mastomys"	"Mastomys natalensis"
"Benin"	2006	"Mekrou"	"morpho + PCR cytb"	"Duplantier et al. 2009"	"Granjon, Laurent, and Jean-Marc Duplantier. Rodents of Sahelo-Sudanese Africa . 2009."	"NA"	"granjon2009rongeurs"	"11.40"	"2.20"	"Mastomys"	"Mastomys natalensis"
"Benin"	2006	"Tianwakassa"	"morpho + PCR cytb"	"Duplantier et al. 2009"	"Granjon, Laurent, and Jean-Marc Duplantier. Rodents of Sahelo-Sudanese Africa . 2009."	"NA"	"granjon2009rongeurs"	"10.73"	"1.38"	"Mastomys"	"Mastomys natalensis"
"Benin"	2006	"Tiele"	"morpho + PCR cytb"	"Duplantier et al. 2009"	"Granjon, Laurent, and Jean-Marc Duplantier. Rodents of Sahelo-Sudanese Africa . 2009."	"NA"	"granjon2009rongeurs"	"10.71"	"1.22"	"Mastomys"	"Mastomys natalensis"
"Burkina Faso"	2004	"Markoye"	"morpho + PCR cytb"	"Duplantier et al. 2009"	"Granjon, Laurent, and Jean-Marc Duplantier. Rodents of Sahelo-Sudanese Africa . 2009."	"NA"	"granjon2009rongeurs"	"14.63"	"0.03"	"Mastomys"	"Mastomys natalensis"
"Burkina Faso"	2005	"Bossora-Daga"	"morpho + PCR cytb"	"Duplantier et al. 2009"	"Granjon, Laurent, and Jean-Marc Duplantier. Rodents of Sahelo-Sudanese Africa . 2009."	"NA"	"granjon2009rongeurs"	"11.73"	"-4.13"	"Mastomys"	"Mastomys natalensis"
"Burkina Faso"	2005	"Karfiguela"	"morpho + PCR cytb"	"Duplantier et al. 2009"	"Granjon, Laurent, and Jean-Marc Duplantier. Rodents of Sahelo-Sudanese Africa . 2009."	"NA"	"granjon2009rongeurs"	"10.70"	"-4.81"	"Mastomys"	"Mastomys natalensis"
"Burkina Faso"	2005	"Nazinga"	"morpho + PCR cytb"	"Duplantier et al. 2009"	"Granjon, Laurent, and Jean-Marc Duplantier. Rodents of Sahelo-Sudanese Africa . 2009."	"NA"	"granjon2009rongeurs"	"11.18"	"-1.63"	"Mastomys"	"Mastomys natalensis"
"Burkina Faso"	2005	"Toma-île"	"morpho + PCR cytb"	"Duplantier et al. 2009"	"Granjon, Laurent, and Jean-Marc Duplantier. Rodents of Sahelo-Sudanese Africa . 2009."	"NA"	"granjon2009rongeurs"	"13.13"	"-3.46"	"Mastomys"	"Mastomys natalensis"
"Burkina Faso"	2006	"Koro"	"morpho + PCR cytb"	"Duplantier et al. 2009"	"Granjon, Laurent, and Jean-Marc Duplantier. Rodents of Sahelo-Sudanese Africa . 2009."	"NA"	"granjon2009rongeurs"	"11.10"	"-4.23"	"Mastomys"	"Mastomys natalensis"
"Burkina Faso"	2006	"Kourouma"	"morpho + PCR cytb"	"Duplantier et al. 2009"	"Granjon, Laurent, and Jean-Marc Duplantier. Rodents of Sahelo-Sudanese Africa . 2009."	"NA"	"granjon2009rongeurs"	"11.61"	"-4.80"	"Mastomys"	"Mastomys natalensis"
"Burkina Faso"	2006	"Ouagadougou"	"morpho + PCR cytb"	"Duplantier et al. 2009"	"Granjon, Laurent, and Jean-Marc Duplantier. Rodents of Sahelo-Sudanese Africa . 2009."	"NA"	"granjon2009rongeurs"	"12.35"	"-1.53"	"Mastomys"	"Mastomys natalensis"
"Burkina Faso"	2006	"Pendjari"	"morpho + PCR cytb"	"Duplantier et al. 2009"	"Granjon, Laurent, and Jean-Marc Duplantier. Rodents of Sahelo-Sudanese Africa . 2009."	"NA"	"granjon2009rongeurs"	"11.00"	"0.98"	"Mastomys"	"Mastomys natalensis"
"Burkina Faso"	2006	"Pissy"	"morpho + PCR cytb"	"Duplantier et al. 2009"	"Granjon, Laurent, and Jean-Marc Duplantier. Rodents of Sahelo-Sudanese Africa . 2009."	"NA"	"granjon2009rongeurs"	"12.33"	"-1.35"	"Mastomys"	"Mastomys natalensis"
"Burkina Faso"	2006	"Ponougou"	"morpho + PCR cytb"	"Duplantier et al. 2009"	"Granjon, Laurent, and Jean-Marc Duplantier. Rodents of Sahelo-Sudanese Africa . 2009."	"NA"	"granjon2009rongeurs"	"11.90"	"1.86"	"Mastomys"	"Mastomys natalensis"
"Burkina Faso"	2006	"Tansanga"	"morpho + PCR cytb"	"Duplantier et al. 2009"	"Granjon, Laurent, and Jean-Marc Duplantier. Rodents of Sahelo-Sudanese Africa . 2009."	"NA"	"granjon2009rongeurs"	"11.86"	"1.86"	"Mastomys"	"Mastomys natalensis"
"Burkina Faso"	2006	"Tapoa"	"morpho + PCR cytb"	"Duplantier et al. 2009"	"Granjon, Laurent, and Jean-Marc Duplantier. Rodents of Sahelo-Sudanese Africa . 2009."	"NA"	"granjon2009rongeurs"	"12.12"	"1.76"	"Mastomys"	"Mastomys natalensis"
"Burkina Faso"	2006	"Yobri"	"morpho + PCR cytb"	"Duplantier et al. 2009"	"Granjon, Laurent, and Jean-Marc Duplantier. Rodents of Sahelo-Sudanese Africa . 2009."	"NA"	"granjon2009rongeurs"	"11.76"	"1.70"	"Mastomys"	"Mastomys natalensis"
"Burkina Faso"	2008	"Dounonso"	"morpho + PCR cytb"	"Duplantier et al. 2009"	"Granjon, Laurent, and Jean-Marc Duplantier. Rodents of Sahelo-Sudanese Africa . 2009."	"NA"	"granjon2009rongeurs"	"10.85"	"-4.10"	"Mastomys"	"Mastomys natalensis"
"Ivory Coast"	2000	"Kakpin"	"morpho + PCR cytb"	"Duplantier et al. 2009"	"Granjon, Laurent, and Jean-Marc Duplantier. Rodents of Sahelo-Sudanese Africa . 2009."	"NA"	"granjon2009rongeurs"	"8.65"	"-3.78"	"Mastomys"	"Mastomys natalensis"
"Mali"	"2001, 2004"	"Massakoroma"	"morpho + PCR cytb"	"Duplantier et al. 2009"	"Granjon, Laurent, and Jean-Marc Duplantier. Rodents of Sahelo-Sudanese Africa . 2009."	"NA"	"granjon2009rongeurs"	"12.27"	"-8.75"	"Mastomys"	"Mastomys natalensis"
"Mali"	2002	"Soukoutali"	"morpho + PCR cytb"	"Duplantier et al. 2009"	"Granjon, Laurent, and Jean-Marc Duplantier. Rodents of Sahelo-Sudanese Africa . 2009."	"NA"	"granjon2009rongeurs"	"12.50"	"-10.27"	"Mastomys"	"Mastomys natalensis"
"Mali"	2002	"Gainsoa"	"morpho + PCR cytb"	"Duplantier et al. 2009"	"Granjon, Laurent, and Jean-Marc Duplantier. Rodents of Sahelo-Sudanese Africa . 2009."	"NA"	"granjon2009rongeurs"	"12.45"	"-10.25"	"Mastomys"	"Mastomys natalensis"
"Mali"	"1999, 2001"	"Bamako "	"morpho + PCR cytb"	"Duplantier et al. 2009"	"Granjon, Laurent, and Jean-Marc Duplantier. Rodents of Sahelo-Sudanese Africa . 2009."	"NA"	"granjon2009rongeurs"	"12.63"	"-8.00"	"Mastomys"	"Mastomys natalensis"
"Mali"	1999	"Niamana (Missira)"	"morpho + PCR cytb"	"Duplantier et al. 2009"	"Granjon, Laurent, and Jean-Marc Duplantier. Rodents of Sahelo-Sudanese Africa . 2009."	"NA"	"granjon2009rongeurs"	"13.02"	"-8.23"	"Mastomys"	"Mastomys natalensis"
"Mali"	2001	"Djoliba"	"morpho + PCR cytb"	"Duplantier et al. 2009"	"Granjon, Laurent, and Jean-Marc Duplantier. Rodents of Sahelo-Sudanese Africa . 2009."	"NA"	"granjon2009rongeurs"	"12.33"	"-8.13"	"Mastomys"	"Mastomys natalensis"
"Mali"	2001	"Endé"	"morpho + PCR cytb"	"Duplantier et al. 2009"	"Granjon, Laurent, and Jean-Marc Duplantier. Rodents of Sahelo-Sudanese Africa . 2009."	"NA"	"granjon2009rongeurs"	"14.18"	"-3.55"	"Mastomys"	"Mastomys natalensis"
"Mali"	2002	"Gono"	"morpho + PCR cytb"	"Duplantier et al. 2009"	"Granjon, Laurent, and Jean-Marc Duplantier. Rodents of Sahelo-Sudanese Africa . 2009."	"NA"	"granjon2009rongeurs"	"15.07"	"-2.78"	"Mastomys"	"Mastomys natalensis"
"Mali"	2002	"Kignielendo"	"morpho + PCR cytb"	"Duplantier et al. 2009"	"Granjon, Laurent, and Jean-Marc Duplantier. Rodents of Sahelo-Sudanese Africa . 2009."	"NA"	"granjon2009rongeurs"	"12.56"	"-8.88"	"Mastomys"	"Mastomys natalensis"
"Mali"	2002	"Kirina"	"morpho + PCR cytb"	"Duplantier et al. 2009"	"Granjon, Laurent, and Jean-Marc Duplantier. Rodents of Sahelo-Sudanese Africa . 2009."	"NA"	"granjon2009rongeurs"	"12.30"	"-8.15"	"Mastomys"	"Mastomys natalensis"
"Mali"	2002	"Kouoro"	"morpho + PCR cytb"	"Duplantier et al. 2009"	"Granjon, Laurent, and Jean-Marc Duplantier. Rodents of Sahelo-Sudanese Africa . 2009."	"NA"	"granjon2009rongeurs"	"11.96"	"-5.68"	"Mastomys"	"Mastomys natalensis"
"Mali"	2002	"Mamouroubougou"	"morpho + PCR cytb"	"Duplantier et al. 2009"	"Granjon, Laurent, and Jean-Marc Duplantier. Rodents of Sahelo-Sudanese Africa . 2009."	"NA"	"granjon2009rongeurs"	"11.22"	"-5.46"	"Mastomys"	"Mastomys natalensis"
"Mali"	2002	"Saniena"	"morpho + PCR cytb"	"Duplantier et al. 2009"	"Granjon, Laurent, and Jean-Marc Duplantier. Rodents of Sahelo-Sudanese Africa . 2009."	"NA"	"granjon2009rongeurs"	"11.23"	"-5.41"	"Mastomys"	"Mastomys natalensis"
"Mali"	2003	"Samanko (ICRYSAT)"	"morpho + PCR cytb"	"Duplantier et al. 2009"	"Granjon, Laurent, and Jean-Marc Duplantier. Rodents of Sahelo-Sudanese Africa . 2009."	"NA"	"granjon2009rongeurs"	"12.53"	"-8.08"	"Mastomys"	"Mastomys natalensis"
"Mali"	2004	"Tombané"	"morpho + PCR cytb"	"Duplantier et al. 2009"	"Granjon, Laurent, and Jean-Marc Duplantier. Rodents of Sahelo-Sudanese Africa . 2009."	"NA"	"granjon2009rongeurs"	"12.27"	"-8.76"	"Mastomys"	"Mastomys natalensis"
"Mali"	2004	"Yedianga"	"morpho + PCR cytb"	"Duplantier et al. 2009"	"Granjon, Laurent, and Jean-Marc Duplantier. Rodents of Sahelo-Sudanese Africa . 2009."	"NA"	"granjon2009rongeurs"	"14.07"	"-3.20"	"Mastomys"	"Mastomys natalensis"
"Mali"	2005	"Dalakan"	"morpho + PCR cytb"	"Duplantier et al. 2009"	"Granjon, Laurent, and Jean-Marc Duplantier. Rodents of Sahelo-Sudanese Africa . 2009."	"NA"	"granjon2009rongeurs"	"10.48"	"-7.95"	"Mastomys"	"Mastomys natalensis"
"Mali"	2005	"Sandiguila"	"morpho + PCR cytb"	"Duplantier et al. 2009"	"Granjon, Laurent, and Jean-Marc Duplantier. Rodents of Sahelo-Sudanese Africa . 2009."	"NA"	"granjon2009rongeurs"	"12.93"	"-10.48"	"Mastomys"	"Mastomys natalensis"
"Mali"	2005	"Seniena"	"morpho + PCR cytb"	"Duplantier et al. 2009"	"Granjon, Laurent, and Jean-Marc Duplantier. Rodents of Sahelo-Sudanese Africa . 2009."	"NA"	"granjon2009rongeurs"	"10.81"	"-5.65"	"Mastomys"	"Mastomys natalensis"
"Mali"	2005	"Toumania"	"morpho + PCR cytb"	"Duplantier et al. 2009"	"Granjon, Laurent, and Jean-Marc Duplantier. Rodents of Sahelo-Sudanese Africa . 2009."	"NA"	"granjon2009rongeurs"	"13.03"	"-10.48"	"Mastomys"	"Mastomys natalensis"
"Mali"	2005	"Woroni"	"morpho + PCR cytb"	"Duplantier et al. 2009"	"Granjon, Laurent, and Jean-Marc Duplantier. Rodents of Sahelo-Sudanese Africa . 2009."	"NA"	"granjon2009rongeurs"	"10.80"	"-5.60"	"Mastomys"	"Mastomys natalensis"
"Mali"	2007	"Bindougou"	"morpho + PCR cytb"	"Duplantier et al. 2009"	"Granjon, Laurent, and Jean-Marc Duplantier. Rodents of Sahelo-Sudanese Africa . 2009."	"NA"	"granjon2009rongeurs"	"12.25"	"-10.32"	"Mastomys"	"Mastomys natalensis"
"Niger"	2004	"Bani Kokorbei"	"morpho + chrom + PCR cytb"	"Duplantier et al. 2009"	"Granjon, Laurent, and Jean-Marc Duplantier. Rodents of Sahelo-Sudanese Africa . 2009."	"NA"	"granjon2009rongeurs"	"15.13"	"2.08"	"Mastomys"	"Mastomys natalensis"
"Niger"	2004	"Piliki"	"morpho + chrom + PCR cytb"	"Duplantier et al. 2009"	"Granjon, Laurent, and Jean-Marc Duplantier. Rodents of Sahelo-Sudanese Africa . 2009."	"NA"	"granjon2009rongeurs"	"13.13"	"1.96"	"Mastomys"	"Mastomys natalensis"
"Niger"	2006	"Djirataoua"	"morpho + chrom + PCR cytb"	"Duplantier et al. 2009"	"Granjon, Laurent, and Jean-Marc Duplantier. Rodents of Sahelo-Sudanese Africa . 2009."	"NA"	"granjon2009rongeurs"	"13.40"	"7.13"	"Mastomys"	"Mastomys natalensis"
"Niger"	2006	"Gaya barrage"	"morpho + chrom + PCR cytb"	"Duplantier et al. 2009"	"Granjon, Laurent, and Jean-Marc Duplantier. Rodents of Sahelo-Sudanese Africa . 2009."	"NA"	"granjon2009rongeurs"	"11.88"	"3.45"	"Mastomys"	"Mastomys natalensis"
"Niger"	2007	"Boumba"	"morpho + chrom + PCR cytb"	"Duplantier et al. 2009"	"Granjon, Laurent, and Jean-Marc Duplantier. Rodents of Sahelo-Sudanese Africa . 2009."	"NA"	"granjon2009rongeurs"	"12.41"	"2.83"	"Mastomys"	"Mastomys natalensis"
"Niger"	2007	"Gangara"	"morpho + chrom + PCR cytb"	"Duplantier et al. 2009"	"Granjon, Laurent, and Jean-Marc Duplantier. Rodents of Sahelo-Sudanese Africa . 2009."	"NA"	"granjon2009rongeurs"	"14.61"	"8.50"	"Mastomys"	"Mastomys natalensis"
"Niger"	2007	"Karey Kopto"	"morpho + chrom + PCR cytb"	"Duplantier et al. 2009"	"Granjon, Laurent, and Jean-Marc Duplantier. Rodents of Sahelo-Sudanese Africa . 2009."	"NA"	"granjon2009rongeurs"	"12.55"	"2.63"	"Mastomys"	"Mastomys natalensis"
"Senegal"	"1999-2001"	"Kedougou A"	"morpho + PCR cytb"	"Duplantier et al. 2009"	"Granjon, Laurent, and Jean-Marc Duplantier. Rodents of Sahelo-Sudanese Africa . 2009."	"NA"	"granjon2009rongeurs"	"12.55"	"-12.18"	"Mastomys"	"Mastomys natalensis"
"Senegal"	2005	"Dindifello"	"morpho + PCR cytb"	"Duplantier et al. 2009"	"Granjon, Laurent, and Jean-Marc Duplantier. Rodents of Sahelo-Sudanese Africa . 2009."	"NA"	"granjon2009rongeurs"	"12.38"	"-12.32"	"Mastomys"	"Mastomys natalensis"
"Ghana"	"2010-2011"	"Natorduori"	"morpho + PCR cytb"	"Kronmann et al. 2013"	"Kronmann KC, Nimo-Paintsil S, Guirguis F, Kronmann LC, Bonney K, Obiri-Danso K, Ampofo W, Fichet-Calvet E. Two novel arenaviruses detected in pygmy mice, Ghana. Emerging infectious diseases. 2013 Nov;19(11):1832."	"10.3201/eid1911.121491"	"kronmann2013two"	10.25816667	-2.626	"Mastomys"	"Mastomys natalensis"
"Ghana"	"2010-2011"	"Bewena"	"morpho + PCR cytb"	"Kronmann et al. 2013"	"Kronmann KC, Nimo-Paintsil S, Guirguis F, Kronmann LC, Bonney K, Obiri-Danso K, Ampofo W, Fichet-Calvet E. Two novel arenaviruses detected in pygmy mice, Ghana. Emerging infectious diseases. 2013 Nov;19(11):1832."	"10.3201/eid1911.121491"	"kronmann2013two"	9.547	-1.6325	"Mastomys"	"Mastomys natalensis"
"Ghana"	"2010-2011"	"Teanoba"	"morpho + PCR cytb"	"Kronmann et al. 2013"	"Kronmann KC, Nimo-Paintsil S, Guirguis F, Kronmann LC, Bonney K, Obiri-Danso K, Ampofo W, Fichet-Calvet E. Two novel arenaviruses detected in pygmy mice, Ghana. Emerging infectious diseases. 2013 Nov;19(11):1832."	"10.3201/eid1911.121491"	"kronmann2013two"	10.395	-0.366	"Mastomys"	"Mastomys natalensis"
"Ghana"	"2010-2011"	"Jirandogo"	"morpho + PCR cytb"	"Kronmann et al. 2013"	"Kronmann KC, Nimo-Paintsil S, Guirguis F, Kronmann LC, Bonney K, Obiri-Danso K, Ampofo W, Fichet-Calvet E. Two novel arenaviruses detected in pygmy mice, Ghana. Emerging infectious diseases. 2013 Nov;19(11):1832."	"10.3201/eid1911.121491"	"kronmann2013two"	8.347166667	-0.345833333	"Mastomys"	"Mastomys natalensis"
"Ghana"	"2010-2011"	"Amomaso"	"morpho + PCR cytb"	"Kronmann et al. 2013"	"Kronmann KC, Nimo-Paintsil S, Guirguis F, Kronmann LC, Bonney K, Obiri-Danso K, Ampofo W, Fichet-Calvet E. Two novel arenaviruses detected in pygmy mice, Ghana. Emerging infectious diseases. 2013 Nov;19(11):1832."	"10.3201/eid1911.121491"	"kronmann2013two"	7.122666667	-2.327666667	"Mastomys"	"Mastomys natalensis"
"Ghana"	"2010-2011"	"Doninga"	"morpho + PCR cytb"	"Kronmann et al. 2013"	"Kronmann KC, Nimo-Paintsil S, Guirguis F, Kronmann LC, Bonney K, Obiri-Danso K, Ampofo W, Fichet-Calvet E. Two novel arenaviruses detected in pygmy mice, Ghana. Emerging infectious diseases. 2013 Nov;19(11):1832."	"10.3201/eid1911.121491"	"kronmann2013two"	10.61933333	-1.421833333	"Mastomys"	"Mastomys natalensis"
"Ghana"	"2010-2011"	"Mangoase"	"morpho + PCR cytb"	"Kronmann et al. 2013"	"Kronmann KC, Nimo-Paintsil S, Guirguis F, Kronmann LC, Bonney K, Obiri-Danso K, Ampofo W, Fichet-Calvet E. Two novel arenaviruses detected in pygmy mice, Ghana. Emerging infectious diseases. 2013 Nov;19(11):1832."	"10.3201/eid1911.121491"	"kronmann2013two"	7.9685	-1.663166667	"Mastomys"	"Mastomys natalensis"
"Ghana"	"2010-2011"	"Monkwo"	"morpho + PCR cytb"	"Kronmann et al. 2013"	"Kronmann KC, Nimo-Paintsil S, Guirguis F, Kronmann LC, Bonney K, Obiri-Danso K, Ampofo W, Fichet-Calvet E. Two novel arenaviruses detected in pygmy mice, Ghana. Emerging infectious diseases. 2013 Nov;19(11):1832."	"10.3201/eid1911.121491"	"kronmann2013two"	7.674166667	-0.633	"Mastomys"	"Mastomys natalensis"
"Ghana"	"2010-2011"	"Ehiawenwu"	"morpho + PCR cytb"	"Kronmann et al. 2013"	"Kronmann KC, Nimo-Paintsil S, Guirguis F, Kronmann LC, Bonney K, Obiri-Danso K, Ampofo W, Fichet-Calvet E. Two novel arenaviruses detected in pygmy mice, Ghana. Emerging infectious diseases. 2013 Nov;19(11):1832."	"10.3201/eid1911.121491"	"kronmann2013two"	6.4495	-0.851833333	"Mastomys"	"Mastomys natalensis"
"Mali"	1999	"Kalifabougou"	"morpho + PCR cytb"	"Lecompte et al. 2005"	"Lecompte E, Brouat C, Duplantier JM, Galan M, Granjon L, Loiseau A, Mouline K, Cosson JF. Molecular identification of four cryptic species of Mastomys (Rodentia, Murinae). Biochemical Systematics and Ecology. 2005 Jul 1;33(7):681-9."	"10.1016/j.bse.2004.12.015"	"lecompte2005molecular"	"12.95"	"-8.17"	"Mastomys"	"Mastomys natalensis"
"Mali"	1999	"Kalibougou"	"morpho + PCR cytb"	"Lecompte et al. 2005"	"Lecompte E, Brouat C, Duplantier JM, Galan M, Granjon L, Loiseau A, Mouline K, Cosson JF. Molecular identification of four cryptic species of Mastomys (Rodentia, Murinae). Biochemical Systematics and Ecology. 2005 Jul 1;33(7):681-9."	"10.1016/j.bse.2004.12.015"	"lecompte2005molecular"	"13.03"	"-7.23"	"Mastomys"	"Mastomys natalensis"
"Mali"	1999	"Sokolobougou"	"morpho + PCR cytb"	"Lecompte et al. 2005"	"Lecompte E, Brouat C, Duplantier JM, Galan M, Granjon L, Loiseau A, Mouline K, Cosson JF. Molecular identification of four cryptic species of Mastomys (Rodentia, Murinae). Biochemical Systematics and Ecology. 2005 Jul 1;33(7):681-9."	"10.1016/j.bse.2004.12.015"	"lecompte2005molecular"	"12.88"	"-8.14"	"Mastomys"	"Mastomys natalensis"
"Mali"	1999	"Samaya"	"morpho + PCR cytb"	"Lecompte et al. 2005"	"Lecompte E, Brouat C, Duplantier JM, Galan M, Granjon L, Loiseau A, Mouline K, Cosson JF. Molecular identification of four cryptic species of Mastomys (Rodentia, Murinae). Biochemical Systematics and Ecology. 2005 Jul 1;33(7):681-9."	"10.1016/j.bse.2004.12.015"	"lecompte2005molecular"	"12.55"	"-8.05"	"Mastomys"	"Mastomys natalensis"
"Mali"	1999	"Dilly"	"morpho + PCR cytb"	"Lecompte et al. 2005"	"Lecompte E, Brouat C, Duplantier JM, Galan M, Granjon L, Loiseau A, Mouline K, Cosson JF. Molecular identification of four cryptic species of Mastomys (Rodentia, Murinae). Biochemical Systematics and Ecology. 2005 Jul 1;33(7):681-9."	"10.1016/j.bse.2004.12.015"	"lecompte2005molecular"	"14.99"	"-7.67"	"Mastomys"	"Mastomys natalensis"
"Guinea"	"2002-2005"	"Bamakama"	"morpho + PCR cytb"	"Lecompte et al. 2006"	"Lecompte E, Fichet-Calvet E, Daffis S, Koulémou K, Sylla O, Kourouma F, Doré A, Soropogui B, Aniskin V, Allali B, Kan SK. Mastomys natalensis and lassa fever, West Africa. Emerging infectious diseases. 2006 Dec;12(12):1971."	"10.3201/eid1212.060812"	"lecompte2006mastomys"	"7.7163889"	"-9.2686111"	"Mastomys"	"Mastomys natalensis"
"Guinea"	"2002-2005"	"Bantou"	"morpho + PCR cytb"	"Lecompte et al. 2006"	"Lecompte E, Fichet-Calvet E, Daffis S, Koulémou K, Sylla O, Kourouma F, Doré A, Soropogui B, Aniskin V, Allali B, Kan SK. Mastomys natalensis and lassa fever, West Africa. Emerging infectious diseases. 2006 Dec;12(12):1971."	"10.3201/eid1212.060812"	"lecompte2006mastomys"	"10.0666667"	"-10.5833333"	"Mastomys"	"Mastomys natalensis"
"Guinea"	"2002-2005"	"Bhoita"	"morpho + PCR cytb"	"Lecompte et al. 2006"	"Lecompte E, Fichet-Calvet E, Daffis S, Koulémou K, Sylla O, Kourouma F, Doré A, Soropogui B, Aniskin V, Allali B, Kan SK. Mastomys natalensis and lassa fever, West Africa. Emerging infectious diseases. 2006 Dec;12(12):1971."	"10.3201/eid1212.060812"	"lecompte2006mastomys"	"8.0833333"	"-8.9144444"	"Mastomys"	"Mastomys natalensis"
"Guinea"	"2002-2005"	"Denguedou"	"morpho + PCR cytb"	"Lecompte et al. 2006"	"Lecompte E, Fichet-Calvet E, Daffis S, Koulémou K, Sylla O, Kourouma F, Doré A, Soropogui B, Aniskin V, Allali B, Kan SK. Mastomys natalensis and lassa fever, West Africa. Emerging infectious diseases. 2006 Dec;12(12):1971."	"10.3201/eid1212.060812"	"lecompte2006mastomys"	"8.4927778"	"-10.4452778"	"Mastomys"	"Mastomys natalensis"
"Guinea"	"2002-2005"	"Franfina"	"morpho + PCR cytb"	"Lecompte et al. 2006"	"Lecompte E, Fichet-Calvet E, Daffis S, Koulémou K, Sylla O, Kourouma F, Doré A, Soropogui B, Aniskin V, Allali B, Kan SK. Mastomys natalensis and lassa fever, West Africa. Emerging infectious diseases. 2006 Dec;12(12):1971."	"10.3201/eid1212.060812"	"lecompte2006mastomys"	"9.6333333"	"-8.9433333"	"Mastomys"	"Mastomys natalensis"
"Guinea"	"2002-2005"	"Gagal"	"morpho + PCR cytb"	"Lecompte et al. 2006"	"Lecompte E, Fichet-Calvet E, Daffis S, Koulémou K, Sylla O, Kourouma F, Doré A, Soropogui B, Aniskin V, Allali B, Kan SK. Mastomys natalensis and lassa fever, West Africa. Emerging infectious diseases. 2006 Dec;12(12):1971."	"10.3201/eid1212.060812"	"lecompte2006mastomys"	"11.0833333"	"-12.2833333"	"Mastomys"	"Mastomys natalensis"
"Guinea"	"2002-2005"	"Gbetaya"	"morpho + PCR cytb"	"Lecompte et al. 2006"	"Lecompte E, Fichet-Calvet E, Daffis S, Koulémou K, Sylla O, Kourouma F, Doré A, Soropogui B, Aniskin V, Allali B, Kan SK. Mastomys natalensis and lassa fever, West Africa. Emerging infectious diseases. 2006 Dec;12(12):1971."	"10.3201/eid1212.060812"	"lecompte2006mastomys"	"9.84"	"-11.0333333"	"Mastomys"	"Mastomys natalensis"
"Guinea"	"2002-2005"	"Kodoko"	"morpho + PCR cytb"	"Lecompte et al. 2006"	"Lecompte E, Fichet-Calvet E, Daffis S, Koulémou K, Sylla O, Kourouma F, Doré A, Soropogui B, Aniskin V, Allali B, Kan SK. Mastomys natalensis and lassa fever, West Africa. Emerging infectious diseases. 2006 Dec;12(12):1971."	"10.3201/eid1212.060812"	"lecompte2006mastomys"	"10.5"	"-9.0166667"	"Mastomys"	"Mastomys natalensis"
"Guinea"	"2002-2005"	"Sangassou"	"morpho + PCR cytb"	"Lecompte et al. 2006"	"Lecompte E, Fichet-Calvet E, Daffis S, Koulémou K, Sylla O, Kourouma F, Doré A, Soropogui B, Aniskin V, Allali B, Kan SK. Mastomys natalensis and lassa fever, West Africa. Emerging infectious diseases. 2006 Dec;12(12):1971."	"10.3201/eid1212.060812"	"lecompte2006mastomys"	"8.6"	"-9.4666667"	"Mastomys"	"Mastomys natalensis"
"Guinea"	"2002-2005"	"Saourou"	"morpho + PCR cytb"	"Lecompte et al. 2006"	"Lecompte E, Fichet-Calvet E, Daffis S, Koulémou K, Sylla O, Kourouma F, Doré A, Soropogui B, Aniskin V, Allali B, Kan SK. Mastomys natalensis and lassa fever, West Africa. Emerging infectious diseases. 2006 Dec;12(12):1971."	"10.3201/eid1212.060812"	"lecompte2006mastomys"	"11.5166667"	"-9.0"	"Mastomys"	"Mastomys natalensis"
"Guinea"	"2002-2005"	"Tanganya"	"morpho + PCR cytb"	"Lecompte et al. 2006"	"Lecompte E, Fichet-Calvet E, Daffis S, Koulémou K, Sylla O, Kourouma F, Doré A, Soropogui B, Aniskin V, Allali B, Kan SK. Mastomys natalensis and lassa fever, West Africa. Emerging infectious diseases. 2006 Dec;12(12):1971."	"10.3201/eid1212.060812"	"lecompte2006mastomys"	"10.0"	"-10.9666667"	"Mastomys"	"Mastomys natalensis"
"Sierra Leone"	"1977-1982"	"Geliama"	"morpho + karyotype"	"McCormick et al. 1987"	"McCormick JB, Webb PA, Krebs JW, Johnson KM, Smith ES. A prospective study of the epidemiology and ecology of Lassa fever. Journal of Infectious Diseases. 1987 Mar 1;155(3):437-44."	"10.1093/infdis/155.3.437"	"mccormick1987prospective"	8.22	-11.03	"Mastomys"	"Mastomys natalensis"
"Sierra Leone"	"1977-1982"	"Giehun"	"morpho + karyotype"	"McCormick et al. 1987"	"McCormick JB, Webb PA, Krebs JW, Johnson KM, Smith ES. A prospective study of the epidemiology and ecology of Lassa fever. Journal of Infectious Diseases. 1987 Mar 1;155(3):437-44."	"10.1093/infdis/155.3.437"	"mccormick1987prospective"	8.17	-11.08	"Mastomys"	"Mastomys natalensis"
"Sierra Leone"	"1977-1982"	"Kpandebu"	"morpho + karyotype"	"McCormick et al. 1987"	"McCormick JB, Webb PA, Krebs JW, Johnson KM, Smith ES. A prospective study of the epidemiology and ecology of Lassa fever. Journal of Infectious Diseases. 1987 Mar 1;155(3):437-44."	"10.1093/infdis/155.3.437"	"mccormick1987prospective"	8.22	-11.07	"Mastomys"	"Mastomys natalensis"
"Sierra Leone"	"1977-1982"	"Lalehun"	"morpho + karyotype"	"McCormick et al. 1987"	"McCormick JB, Webb PA, Krebs JW, Johnson KM, Smith ES. A prospective study of the epidemiology and ecology of Lassa fever. Journal of Infectious Diseases. 1987 Mar 1;155(3):437-44."	"10.1093/infdis/155.3.437"	"mccormick1987prospective"	8.2	-11.08	"Mastomys"	"Mastomys natalensis"
"Sierra Leone"	"1977-1982"	"Landoma"	"morpho + karyotype"	"McCormick et al. 1987"	"McCormick JB, Webb PA, Krebs JW, Johnson KM, Smith ES. A prospective study of the epidemiology and ecology of Lassa fever. Journal of Infectious Diseases. 1987 Mar 1;155(3):437-44."	"10.1093/infdis/155.3.437"	"mccormick1987prospective"	8.23	-11.05	"Mastomys"	"Mastomys natalensis"
"Sierra Leone"	"1977-1982"	"Lowoma"	"morpho + karyotype"	"McCormick et al. 1987"	"McCormick JB, Webb PA, Krebs JW, Johnson KM, Smith ES. A prospective study of the epidemiology and ecology of Lassa fever. Journal of Infectious Diseases. 1987 Mar 1;155(3):437-44."	"10.1093/infdis/155.3.437"	"mccormick1987prospective"	8.22	-11.03	"Mastomys"	"Mastomys natalensis"
"Sierra Leone"	"1977-1982"	"Mamaka"	"morpho + karyotype"	"McCormick et al. 1987"	"McCormick JB, Webb PA, Krebs JW, Johnson KM, Smith ES. A prospective study of the epidemiology and ecology of Lassa fever. Journal of Infectious Diseases. 1987 Mar 1;155(3):437-44."	"10.1093/infdis/155.3.437"	"mccormick1987prospective"	9.1	-12.32	"Mastomys"	"Mastomys natalensis"
"Sierra Leone"	"1977-1982"	"Niahun"	"morpho + karyotype"	"McCormick et al. 1987"	"McCormick JB, Webb PA, Krebs JW, Johnson KM, Smith ES. A prospective study of the epidemiology and ecology of Lassa fever. Journal of Infectious Diseases. 1987 Mar 1;155(3):437-44."	"10.1093/infdis/155.3.437"	"mccormick1987prospective"	8	-11.07	"Mastomys"	"Mastomys natalensis"
"Sierra Leone"	"1977-1982"	"Palima"	"morpho + karyotype"	"McCormick et al. 1987"	"McCormick JB, Webb PA, Krebs JW, Johnson KM, Smith ES. A prospective study of the epidemiology and ecology of Lassa fever. Journal of Infectious Diseases. 1987 Mar 1;155(3):437-44."	"10.1093/infdis/155.3.437"	"mccormick1987prospective"	8.1	-11.33	"Mastomys"	"Mastomys natalensis"
"Sierra Leone"	"1977-1982"	"Tongola"	"morpho + karyotype"	"McCormick et al. 1987"	"McCormick JB, Webb PA, Krebs JW, Johnson KM, Smith ES. A prospective study of the epidemiology and ecology of Lassa fever. Journal of Infectious Diseases. 1987 Mar 1;155(3):437-44."	"10.1093/infdis/155.3.437"	"mccormick1987prospective"	8.22	-11.05	"Mastomys"	"Mastomys natalensis"
"Nigeria"	"2011-2012"	"Abagboro"	"morpho + PCR cytb"	"Olayemi et al. 2018"	"Olayemi A, Obadare A, Oyeyiola A, Fasogbon S, Igbokwe J, Igbahenah F, Ortsega D, Günther S, Verheyen E, Fichet-Calvet E. Small mammal diversity and dynamics within Nigeria, with emphasis on reservoirs of the Lassa virus. Systematics and Biodiversity. 2018 Feb 17;16(2):118-27."	"10.1080/14772000.2017.1358220"	"olayemi2018small"	7.5439	4.5131	"Mastomys"	"Mastomys natalensis"
"Nigeria"	"2011-2012"	"Kako"	"morpho + PCR cytb"	"Olayemi et al. 2018"	"Olayemi A, Obadare A, Oyeyiola A, Fasogbon S, Igbokwe J, Igbahenah F, Ortsega D, Günther S, Verheyen E, Fichet-Calvet E. Small mammal diversity and dynamics within Nigeria, with emphasis on reservoirs of the Lassa virus. Systematics and Biodiversity. 2018 Feb 17;16(2):118-27."	"10.1080/14772000.2017.1358220"	"olayemi2018small"	7.6906	4.6194	"Mastomys"	"Mastomys natalensis"
"Nigeria"	"2011-2012"	"Esira"	"morpho + PCR cytb"	"Olayemi et al. 2018"	"Olayemi A, Obadare A, Oyeyiola A, Fasogbon S, Igbokwe J, Igbahenah F, Ortsega D, Günther S, Verheyen E, Fichet-Calvet E. Small mammal diversity and dynamics within Nigeria, with emphasis on reservoirs of the Lassa virus. Systematics and Biodiversity. 2018 Feb 17;16(2):118-27."	"10.1080/14772000.2017.1358220"	"olayemi2018small"	7.7013	4.6554	"Mastomys"	"Mastomys natalensis"
"Nigeria"	"2011-2012"	"Eguare Egoro"	"morpho + PCR cytb"	"Olayemi et al. 2018"	"Olayemi A, Obadare A, Oyeyiola A, Fasogbon S, Igbokwe J, Igbahenah F, Ortsega D, Günther S, Verheyen E, Fichet-Calvet E. Small mammal diversity and dynamics within Nigeria, with emphasis on reservoirs of the Lassa virus. Systematics and Biodiversity. 2018 Feb 17;16(2):118-27."	"10.1080/14772000.2017.1358220"	"olayemi2018small"	6.773	6.0924	"Mastomys"	"Mastomys natalensis"
"Nigeria"	"2011-2012"	"Ekpoma"	"morpho + PCR cytb"	"Olayemi et al. 2018"	"Olayemi A, Obadare A, Oyeyiola A, Fasogbon S, Igbokwe J, Igbahenah F, Ortsega D, Günther S, Verheyen E, Fichet-Calvet E. Small mammal diversity and dynamics within Nigeria, with emphasis on reservoirs of the Lassa virus. Systematics and Biodiversity. 2018 Feb 17;16(2):118-27."	"10.1080/14772000.2017.1358220"	"olayemi2018small"	6.7414	6.1049	"Mastomys"	"Mastomys natalensis"
"Nigeria"	"2011-2012"	"Onmba Abena"	"morpho + PCR cytb"	"Olayemi et al. 2018"	"Olayemi A, Obadare A, Oyeyiola A, Fasogbon S, Igbokwe J, Igbahenah F, Ortsega D, Günther S, Verheyen E, Fichet-Calvet E. Small mammal diversity and dynamics within Nigeria, with emphasis on reservoirs of the Lassa virus. Systematics and Biodiversity. 2018 Feb 17;16(2):118-27."	"10.1080/14772000.2017.1358220"	"olayemi2018small"	7.641	8.4066	"Mastomys"	"Mastomys natalensis"
"Nigeria"	"2011-2012"	"Mayo Ranewo"	"morpho + PCR cytb"	"Olayemi et al. 2018"	"Olayemi A, Obadare A, Oyeyiola A, Fasogbon S, Igbokwe J, Igbahenah F, Ortsega D, Günther S, Verheyen E, Fichet-Calvet E. Small mammal diversity and dynamics within Nigeria, with emphasis on reservoirs of the Lassa virus. Systematics and Biodiversity. 2018 Feb 17;16(2):118-27."	"10.1080/14772000.2017.1358220"	"olayemi2018small"	8.8242	10.9209	"Mastomys"	"Mastomys natalensis"
"Nigeria"	"2011-2012"	"Ngel Nyaki"	"morpho + PCR cytb"	"Olayemi et al. 2018"	"Olayemi A, Obadare A, Oyeyiola A, Fasogbon S, Igbokwe J, Igbahenah F, Ortsega D, Günther S, Verheyen E, Fichet-Calvet E. Small mammal diversity and dynamics within Nigeria, with emphasis on reservoirs of the Lassa virus. Systematics and Biodiversity. 2018 Feb 17;16(2):118-27."	"10.1080/14772000.2017.1358220"	"olayemi2018small"	7.0919	11.0911	"Mastomys"	"Mastomys natalensis"
"Sierra Leone"	1978	"Batkanu"	"morpho + chrom"	"Robbins et al. 1983"	"Robbins CB, Krebs Jr JW, Johnson KM. Mastomys (Rodentia: Muridae) species distinguished by hemoglobin pattern differences. The American journal of tropical medicine and hygiene. 1983 May 1;32(3):624-30."	"10.4269/ajtmh.1983.32.624"	"robbins1983mastomys"	"9.07"	"-12.42"	"Mastomys"	"Mastomys natalensis"
"Sierra Leone"	1978	"Belebu"	"morpho + chrom"	"Robbins et al. 1983"	"Robbins CB, Krebs Jr JW, Johnson KM. Mastomys (Rodentia: Muridae) species distinguished by hemoglobin pattern differences. The American journal of tropical medicine and hygiene. 1983 May 1;32(3):624-30."	"10.4269/ajtmh.1983.32.624"	"robbins1983mastomys"	"7.78"	"-12.00"	"Mastomys"	"Mastomys natalensis"
"Sierra Leone"	1978	"Bumban"	"morpho + chrom"	"Robbins et al. 1983"	"Robbins CB, Krebs Jr JW, Johnson KM. Mastomys (Rodentia: Muridae) species distinguished by hemoglobin pattern differences. The American journal of tropical medicine and hygiene. 1983 May 1;32(3):624-30."	"10.4269/ajtmh.1983.32.624"	"robbins1983mastomys"	"9.12"	"-11.90"	"Mastomys"	"Mastomys natalensis"
"Sierra Leone"	1978	"Fadugu"	"morpho + chrom"	"Robbins et al. 1983"	"Robbins CB, Krebs Jr JW, Johnson KM. Mastomys (Rodentia: Muridae) species distinguished by hemoglobin pattern differences. The American journal of tropical medicine and hygiene. 1983 May 1;32(3):624-30."	"10.4269/ajtmh.1983.32.624"	"robbins1983mastomys"	"9.38"	"-11.77"	"Mastomys"	"Mastomys natalensis"
"Sierra Leone"	1978	"Giema"	"morpho + chrom"	"Robbins et al. 1983"	"Robbins CB, Krebs Jr JW, Johnson KM. Mastomys (Rodentia: Muridae) species distinguished by hemoglobin pattern differences. The American journal of tropical medicine and hygiene. 1983 May 1;32(3):624-30."	"10.4269/ajtmh.1983.32.624"	"robbins1983mastomys"	"8.20"	"-11.05"	"Mastomys"	"Mastomys natalensis"
"Sierra Leone"	1978	"Kafogo"	"morpho + chrom"	"Robbins et al. 1983"	"Robbins CB, Krebs Jr JW, Johnson KM. Mastomys (Rodentia: Muridae) species distinguished by hemoglobin pattern differences. The American journal of tropical medicine and hygiene. 1983 May 1;32(3):624-30."	"10.4269/ajtmh.1983.32.624"	"robbins1983mastomys"	"9.40"	"-11.73"	"Mastomys"	"Mastomys natalensis"
"Sierra Leone"	1978	"Kamagbengbe"	"morpho + chrom"	"Robbins et al. 1983"	"Robbins CB, Krebs Jr JW, Johnson KM. Mastomys (Rodentia: Muridae) species distinguished by hemoglobin pattern differences. The American journal of tropical medicine and hygiene. 1983 May 1;32(3):624-30."	"10.4269/ajtmh.1983.32.624"	"robbins1983mastomys"	"9.18"	"-11.93"	"Mastomys"	"Mastomys natalensis"
"Sierra Leone"	1978	"Kathumpe"	"morpho + chrom"	"Robbins et al. 1983"	"Robbins CB, Krebs Jr JW, Johnson KM. Mastomys (Rodentia: Muridae) species distinguished by hemoglobin pattern differences. The American journal of tropical medicine and hygiene. 1983 May 1;32(3):624-30."	"10.4269/ajtmh.1983.32.624"	"robbins1983mastomys"	"9.50"	"-12.23"	"Mastomys"	"Mastomys natalensis"
"Sierra Leone"	1978	"Konia"	"morpho + chrom"	"Robbins et al. 1983"	"Robbins CB, Krebs Jr JW, Johnson KM. Mastomys (Rodentia: Muridae) species distinguished by hemoglobin pattern differences. The American journal of tropical medicine and hygiene. 1983 May 1;32(3):624-30."	"10.4269/ajtmh.1983.32.624"	"robbins1983mastomys"	"8.10"	"-11.02"	"Mastomys"	"Mastomys natalensis"
"Sierra Leone"	1978	"Meema"	"morpho + chrom"	"Robbins et al. 1983"	"Robbins CB, Krebs Jr JW, Johnson KM. Mastomys (Rodentia: Muridae) species distinguished by hemoglobin pattern differences. The American journal of tropical medicine and hygiene. 1983 May 1;32(3):624-30."	"10.4269/ajtmh.1983.32.624"	"robbins1983mastomys"	"8.12"	"-11.00"	"Mastomys"	"Mastomys natalensis"
"Sierra Leone"	1978	"Petema"	"morpho + chrom"	"Robbins et al. 1983"	"Robbins CB, Krebs Jr JW, Johnson KM. Mastomys (Rodentia: Muridae) species distinguished by hemoglobin pattern differences. The American journal of tropical medicine and hygiene. 1983 May 1;32(3):624-30."	"10.4269/ajtmh.1983.32.624"	"robbins1983mastomys"	"7.83"	"-12.00"	"Mastomys"	"Mastomys natalensis"
"Sierra Leone"	1978	"Segbwema"	"morpho + chrom"	"Robbins et al. 1983"	"Robbins CB, Krebs Jr JW, Johnson KM. Mastomys (Rodentia: Muridae) species distinguished by hemoglobin pattern differences. The American journal of tropical medicine and hygiene. 1983 May 1;32(3):624-30."	"10.4269/ajtmh.1983.32.624"	"robbins1983mastomys"	"7.98"	"-10.95"	"Mastomys"	"Mastomys natalensis"
"Sierra Leone"	1978	"Waridalah"	"morpho + chrom"	"Robbins et al. 1983"	"Robbins CB, Krebs Jr JW, Johnson KM. Mastomys (Rodentia: Muridae) species distinguished by hemoglobin pattern differences. The American journal of tropical medicine and hygiene. 1983 May 1;32(3):624-30."	"10.4269/ajtmh.1983.32.624"	"robbins1983mastomys"	"9.70"	"-11.88"	"Mastomys"	"Mastomys natalensis"
"Sierra Leone"	1978	"Yengema"	"morpho + chrom"	"Robbins et al. 1983"	"Robbins CB, Krebs Jr JW, Johnson KM. Mastomys (Rodentia: Muridae) species distinguished by hemoglobin pattern differences. The American journal of tropical medicine and hygiene. 1983 May 1;32(3):624-30."	"10.4269/ajtmh.1983.32.624"	"robbins1983mastomys"	"7.83"	"-12.02"	"Mastomys"	"Mastomys natalensis"
"Benin"	"2016-2017"	"Worogui"	"morpho + PCR cytb"	"Yadouleton_Agolinou_2019"	"Yadouleton A, Agolinou A, Kourouma F, Saizonou R, Pahlmann M, Bedié SK, Bankolé H, Becker-Ziaja B, Gbaguidi F, Thielebein A, Magassouba NF. Lassa Virus in Pygmy Mice, Benin, 2016–2017. Emerging infectious diseases. 2019 Oct;25(10):1977."	"10.3201/eid2510.180523"	"yadouleton2019lassa"	8.883947222	2.671825	"Mastomys"	"Mastomys natalensis"
"Benin"	"2016-2017"	"Yambouan"	"morpho + PCR cytb"	"Yadouleton_Agolinou_2019"	"Yadouleton A, Agolinou A, Kourouma F, Saizonou R, Pahlmann M, Bedié SK, Bankolé H, Becker-Ziaja B, Gbaguidi F, Thielebein A, Magassouba NF. Lassa Virus in Pygmy Mice, Benin, 2016–2017. Emerging infectious diseases. 2019 Oct;25(10):1977."	"10.3201/eid2510.180523"	"yadouleton2019lassa"	8.973844444	2.750744444	"Mastomys"	"Mastomys natalensis"
"Nigeria"	"2004-2006"	"Asejire"	"morpho + skull"	"Olayemi & Akinpelu 2008"	"Olayemi A, Akinpelu A. Diversity and distribution of murid rodent populations between forest and derived savanna sites within south western Nigeria. Biodiversity and Conservation. 2008 Sep 1;17(10):2411."	"10.1007/s10531-008-9389-1"	"olayemi2008diversity"	"7.33"	"4.12"	"Mastomys"	"Mastomys natalensis"
"Nigeria"	"2004-2006"	"Ife"	"morpho + skull"	"Olayemi & Akinpelu 2008"	"Olayemi A, Akinpelu A. Diversity and distribution of murid rodent populations between forest and derived savanna sites within south western Nigeria. Biodiversity and Conservation. 2008 Sep 1;17(10):2411."	"10.1007/s10531-008-9389-1"	"olayemi2008diversity"	"7.47"	"4.57"	"Mastomys"	"Mastomys natalensis"
"Nigeria"	"2004-2006"	"Osogbo"	"morpho + skull"	"Olayemi & Akinpelu 2008"	"Olayemi A, Akinpelu A. Diversity and distribution of murid rodent populations between forest and derived savanna sites within south western Nigeria. Biodiversity and Conservation. 2008 Sep 1;17(10):2411."	"10.1007/s10531-008-9389-1"	"olayemi2008diversity"	"7.77"	"4.57"	"Mastomys"	"Mastomys natalensis"
"Nigeria"	"2004-2006"	"Ogbomosos"	"morpho + skull"	"Olayemi & Akinpelu 2008"	"Olayemi A, Akinpelu A. Diversity and distribution of murid rodent populations between forest and derived savanna sites within south western Nigeria. Biodiversity and Conservation. 2008 Sep 1;17(10):2411."	"10.1007/s10531-008-9389-1"	"olayemi2008diversity"	"8.13"	"4.27"	"Mastomys"	"Mastomys natalensis"
"Nigeria"	"2004-2006"	"Ilorin"	"morpho + skull"	"Olayemi & Akinpelu 2008"	"Olayemi A, Akinpelu A. Diversity and distribution of murid rodent populations between forest and derived savanna sites within south western Nigeria. Biodiversity and Conservation. 2008 Sep 1;17(10):2411."	"10.1007/s10531-008-9389-1"	"olayemi2008diversity"	"8.50"	"4.55"	"Mastomys"	"Mastomys natalensis"
"Mali"	2009	"NTessoni"	"PCR cytb"	"Safronetz, Lopez, 2010"	"Safronetz D, Lopez JE, Sogoba N, Traore SF, Raffel SJ, Fischer ER, Ebihara H, Branco L, Garry RF, Schwan TG, Feldmann H. Detection of Lassa virus, Mali. Emerging infectious diseases. 2010 Jul;16(7):1123."	"10.3201/eid1607.100146"	"safronetz2010detection"	11.03333333	-5.983333333	"Mastomys"	"Mastomys natalensis"
"Mali"	2009	"Soromba"	"PCR cytb"	"Safronetz, Lopez, 2010"	"Safronetz D, Lopez JE, Sogoba N, Traore SF, Raffel SJ, Fischer ER, Ebihara H, Branco L, Garry RF, Schwan TG, Feldmann H. Detection of Lassa virus, Mali. Emerging infectious diseases. 2010 Jul;16(7):1123."	"10.3201/eid1607.100146"	"safronetz2010detection"	10.58333333	-7.15	"Mastomys"	"Mastomys natalensis"
"Mali"	2009	"Doneguebougou"	"PCR cytb"	"Safronetz, Lopez, 2010"	"Safronetz D, Lopez JE, Sogoba N, Traore SF, Raffel SJ, Fischer ER, Ebihara H, Branco L, Garry RF, Schwan TG, Feldmann H. Detection of Lassa virus, Mali. Emerging infectious diseases. 2010 Jul;16(7):1123."	"10.3201/eid1607.100146"	"safronetz2010detection"	12.80583333	-7.983333333	"Mastomys"	"Mastomys natalensis"
"Mali"	2009	"Petaka"	"PCR cytb"	"Safronetz, Sogoba, 2013"	"Safronetz D, Sogoba N, Lopez JE, Maiga O, Dahlstrom E, Zivcec M, Feldmann F, Haddock E, Fischer RJ, Anderson JM, Munster VJ. Geographic distribution and genetic characterization of Lassa virus in sub-Saharan Mali. PLoS neglected tropical diseases. 2013 Dec;7(12)."	"10.1371/journal.pntd.0002582"	"safronetz2013geographic"	15.02361	-2.848611	"Mastomys"	"Mastomys natalensis"
"Mali"	2009	"Sinkerma"	"PCR cytb"	"Safronetz, Sogoba, 2013"	"Safronetz D, Sogoba N, Lopez JE, Maiga O, Dahlstrom E, Zivcec M, Feldmann F, Haddock E, Fischer RJ, Anderson JM, Munster VJ. Geographic distribution and genetic characterization of Lassa virus in sub-Saharan Mali. PLoS neglected tropical diseases. 2013 Dec;7(12)."	"10.1371/journal.pntd.0002582"	"safronetz2013geographic"	14.38083	-3.568333	"Mastomys"	"Mastomys natalensis"
"Mali"	2007	"Molibana"	"PCR cytb"	"Safronetz, Sogoba, 2013"	"Safronetz D, Sogoba N, Lopez JE, Maiga O, Dahlstrom E, Zivcec M, Feldmann F, Haddock E, Fischer RJ, Anderson JM, Munster VJ. Geographic distribution and genetic characterization of Lassa virus in sub-Saharan Mali. PLoS neglected tropical diseases. 2013 Dec;7(12)."	"10.1371/journal.pntd.0002582"	"safronetz2013geographic"	14.01556	-4.231111	"Mastomys"	"Mastomys natalensis"
"Mali"	2011	"Doukombou"	"PCR cytb"	"Safronetz, Sogoba, 2013"	"Safronetz D, Sogoba N, Lopez JE, Maiga O, Dahlstrom E, Zivcec M, Feldmann F, Haddock E, Fischer RJ, Anderson JM, Munster VJ. Geographic distribution and genetic characterization of Lassa virus in sub-Saharan Mali. PLoS neglected tropical diseases. 2013 Dec;7(12)."	"10.1371/journal.pntd.0002582"	"safronetz2013geographic"	14.35528	-3.657222	"Mastomys"	"Mastomys natalensis"
"Mali"	2011	"Kalibombo"	"PCR cytb"	"Safronetz, Sogoba, 2013"	"Safronetz D, Sogoba N, Lopez JE, Maiga O, Dahlstrom E, Zivcec M, Feldmann F, Haddock E, Fischer RJ, Anderson JM, Munster VJ. Geographic distribution and genetic characterization of Lassa virus in sub-Saharan Mali. PLoS neglected tropical diseases. 2013 Dec;7(12)."	"10.1371/journal.pntd.0002582"	"safronetz2013geographic"	14.40028	-3.600556	"Mastomys"	"Mastomys natalensis"
"Mali"	2011	"Kerikoumala"	"PCR cytb"	"Safronetz, Sogoba, 2013"	"Safronetz D, Sogoba N, Lopez JE, Maiga O, Dahlstrom E, Zivcec M, Feldmann F, Haddock E, Fischer RJ, Anderson JM, Munster VJ. Geographic distribution and genetic characterization of Lassa virus in sub-Saharan Mali. PLoS neglected tropical diseases. 2013 Dec;7(12)."	"10.1371/journal.pntd.0002582"	"safronetz2013geographic"	10.88944	-7.387778	"Mastomys"	"Mastomys natalensis"
"Mali"	2007	"Djidian"	"PCR cytb"	"Safronetz, Sogoba, 2013"	"Safronetz D, Sogoba N, Lopez JE, Maiga O, Dahlstrom E, Zivcec M, Feldmann F, Haddock E, Fischer RJ, Anderson JM, Munster VJ. Geographic distribution and genetic characterization of Lassa virus in sub-Saharan Mali. PLoS neglected tropical diseases. 2013 Dec;7(12)."	"10.1371/journal.pntd.0002582"	"safronetz2013geographic"	13.20083	-9.453889	"Mastomys"	"Mastomys natalensis"
"Mali"	2009	"Belenikegny"	"PCR cytb"	"Safronetz, Sogoba, 2013"	"Safronetz D, Sogoba N, Lopez JE, Maiga O, Dahlstrom E, Zivcec M, Feldmann F, Haddock E, Fischer RJ, Anderson JM, Munster VJ. Geographic distribution and genetic characterization of Lassa virus in sub-Saharan Mali. PLoS neglected tropical diseases. 2013 Dec;7(12)."	"10.1371/journal.pntd.0002582"	"safronetz2013geographic"	13.3825	-4.916667	"Mastomys"	"Mastomys natalensis"
"Mali"	"2009-2011"	"Doneguebougou"	"PCR cytb"	"Safronetz, Sogoba, 2013"	"Safronetz D, Sogoba N, Lopez JE, Maiga O, Dahlstrom E, Zivcec M, Feldmann F, Haddock E, Fischer RJ, Anderson JM, Munster VJ. Geographic distribution and genetic characterization of Lassa virus in sub-Saharan Mali. PLoS neglected tropical diseases. 2013 Dec;7(12)."	"10.1371/journal.pntd.0002582"	"safronetz2013geographic"	12.805	-7.980278	"Mastomys"	"Mastomys natalensis"
"Mali"	2009	"Bozokin"	"PCR cytb"	"Safronetz, Sogoba, 2013"	"Safronetz D, Sogoba N, Lopez JE, Maiga O, Dahlstrom E, Zivcec M, Feldmann F, Haddock E, Fischer RJ, Anderson JM, Munster VJ. Geographic distribution and genetic characterization of Lassa virus in sub-Saharan Mali. PLoS neglected tropical diseases. 2013 Dec;7(12)."	"10.1371/journal.pntd.0002582"	"safronetz2013geographic"	12.69806	8.698056	"Mastomys"	"Mastomys natalensis"
"Mali"	2009	"Kenieroba"	"PCR cytb"	"Safronetz, Sogoba, 2013"	"Safronetz D, Sogoba N, Lopez JE, Maiga O, Dahlstrom E, Zivcec M, Feldmann F, Haddock E, Fischer RJ, Anderson JM, Munster VJ. Geographic distribution and genetic characterization of Lassa virus in sub-Saharan Mali. PLoS neglected tropical diseases. 2013 Dec;7(12)."	"10.1371/journal.pntd.0002582"	"safronetz2013geographic"	12.11222	-8.332222	"Mastomys"	"Mastomys natalensis"
"Mali"	2009	"Fourda"	"PCR cytb"	"Safronetz, Sogoba, 2013"	"Safronetz D, Sogoba N, Lopez JE, Maiga O, Dahlstrom E, Zivcec M, Feldmann F, Haddock E, Fischer RJ, Anderson JM, Munster VJ. Geographic distribution and genetic characterization of Lassa virus in sub-Saharan Mali. PLoS neglected tropical diseases. 2013 Dec;7(12)."	"10.1371/journal.pntd.0002582"	"safronetz2013geographic"	12.09139	-8.335	"Mastomys"	"Mastomys natalensis"
"Mali"	2011	"Garalo"	"PCR cytb"	"Safronetz, Sogoba, 2013"	"Safronetz D, Sogoba N, Lopez JE, Maiga O, Dahlstrom E, Zivcec M, Feldmann F, Haddock E, Fischer RJ, Anderson JM, Munster VJ. Geographic distribution and genetic characterization of Lassa virus in sub-Saharan Mali. PLoS neglected tropical diseases. 2013 Dec;7(12)."	"10.1371/journal.pntd.0002582"	"safronetz2013geographic"	10.99361111	-7.437222222	"Mastomys"	"Mastomys natalensis"
"Mali"	2011	"Kotie"	"PCR cytb"	"Safronetz, Sogoba, 2013"	"Safronetz D, Sogoba N, Lopez JE, Maiga O, Dahlstrom E, Zivcec M, Feldmann F, Haddock E, Fischer RJ, Anderson JM, Munster VJ. Geographic distribution and genetic characterization of Lassa virus in sub-Saharan Mali. PLoS neglected tropical diseases. 2013 Dec;7(12)."	"10.1371/journal.pntd.0002582"	"safronetz2013geographic"	10.9175	-7.405833333	"Mastomys"	"Mastomys natalensis"
"Mali"	2012	"Tiekoumana"	"PCR cytb"	"Safronetz, Sogoba, 2013"	"Safronetz D, Sogoba N, Lopez JE, Maiga O, Dahlstrom E, Zivcec M, Feldmann F, Haddock E, Fischer RJ, Anderson JM, Munster VJ. Geographic distribution and genetic characterization of Lassa virus in sub-Saharan Mali. PLoS neglected tropical diseases. 2013 Dec;7(12)."	"10.1371/journal.pntd.0002582"	"safronetz2013geographic"	10.88555556	-7.382222222	"Mastomys"	"Mastomys natalensis"
"Mali"	"2009-2012"	"Soromba"	"PCR cytb"	"Safronetz, Sogoba, 2013"	"Safronetz D, Sogoba N, Lopez JE, Maiga O, Dahlstrom E, Zivcec M, Feldmann F, Haddock E, Fischer RJ, Anderson JM, Munster VJ. Geographic distribution and genetic characterization of Lassa virus in sub-Saharan Mali. PLoS neglected tropical diseases. 2013 Dec;7(12)."	"10.1371/journal.pntd.0002582"	"safronetz2013geographic"	10.58916667	-7.155833333	"Mastomys"	"Mastomys natalensis"
"Mali"	"2010-2012"	"Komina"	"PCR cytb"	"Safronetz, Sogoba, 2013"	"Safronetz D, Sogoba N, Lopez JE, Maiga O, Dahlstrom E, Zivcec M, Feldmann F, Haddock E, Fischer RJ, Anderson JM, Munster VJ. Geographic distribution and genetic characterization of Lassa virus in sub-Saharan Mali. PLoS neglected tropical diseases. 2013 Dec;7(12)."	"10.1371/journal.pntd.0002582"	"safronetz2013geographic"	10.61638889	-7.158333333	"Mastomys"	"Mastomys natalensis"
"Mali"	2012	"Minzaga"	"PCR cytb"	"Safronetz, Sogoba, 2013"	"Safronetz D, Sogoba N, Lopez JE, Maiga O, Dahlstrom E, Zivcec M, Feldmann F, Haddock E, Fischer RJ, Anderson JM, Munster VJ. Geographic distribution and genetic characterization of Lassa virus in sub-Saharan Mali. PLoS neglected tropical diseases. 2013 Dec;7(12)."	"10.1371/journal.pntd.0002582"	"safronetz2013geographic"	10.52388889	-7.248055556	"Mastomys"	"Mastomys natalensis"
"Mali"	2012	"Banzana"	"PCR cytb"	"Safronetz, Sogoba, 2013"	"Safronetz D, Sogoba N, Lopez JE, Maiga O, Dahlstrom E, Zivcec M, Feldmann F, Haddock E, Fischer RJ, Anderson JM, Munster VJ. Geographic distribution and genetic characterization of Lassa virus in sub-Saharan Mali. PLoS neglected tropical diseases. 2013 Dec;7(12)."	"10.1371/journal.pntd.0002582"	"safronetz2013geographic"	10.52388889	-7.248055556	"Mastomys"	"Mastomys natalensis"
"Mali"	2012	"Bamba"	"PCR cytb"	"Safronetz, Sogoba, 2013"	"Safronetz D, Sogoba N, Lopez JE, Maiga O, Dahlstrom E, Zivcec M, Feldmann F, Haddock E, Fischer RJ, Anderson JM, Munster VJ. Geographic distribution and genetic characterization of Lassa virus in sub-Saharan Mali. PLoS neglected tropical diseases. 2013 Dec;7(12)."	"10.1371/journal.pntd.0002582"	"safronetz2013geographic"	10.38305556	-7.151666667	"Mastomys"	"Mastomys natalensis"
"Mali"	2012	"Ouoma"	"PCR cytb"	"Safronetz, Sogoba, 2013"	"Safronetz D, Sogoba N, Lopez JE, Maiga O, Dahlstrom E, Zivcec M, Feldmann F, Haddock E, Fischer RJ, Anderson JM, Munster VJ. Geographic distribution and genetic characterization of Lassa virus in sub-Saharan Mali. PLoS neglected tropical diseases. 2013 Dec;7(12)."	"10.1371/journal.pntd.0002582"	"safronetz2013geographic"	10.39722222	-7.259166667	"Mastomys"	"Mastomys natalensis"
"Mali"	2012	"Flalaba"	"PCR cytb"	"Safronetz, Sogoba, 2013"	"Safronetz D, Sogoba N, Lopez JE, Maiga O, Dahlstrom E, Zivcec M, Feldmann F, Haddock E, Fischer RJ, Anderson JM, Munster VJ. Geographic distribution and genetic characterization of Lassa virus in sub-Saharan Mali. PLoS neglected tropical diseases. 2013 Dec;7(12)."	"10.1371/journal.pntd.0002582"	"safronetz2013geographic"	10.69166667	-7.364722222	"Mastomys"	"Mastomys natalensis"
